{
  "matrix": [
    [
      94,
      10,
      0,
      0,
      0,
      0,
      1,
      5,
      1,
      5,
      6
    ],
    [
      15,
      642,
      3,
      0,
      0,
      3,
      4,
      7,
      1,
      8,
      0
    ],
    [
      0,
      0,
      142,
      1,
      0,
      0,
      0,
      0,
      0,
      2,
      0
    ],
    [
      0,
      4,
      2,
      131,
      0,
      4,
      6,
      5,
      0,
      7,
      0
    ],
    [
      0,
      2,
      0,
      0,
      116,
      2,
      0,
      1,
      0,
      2,
      0
    ],
    [
      0,
      3,
      0,
      1,
      0,
      248,
      2,
      5,
      1,
      13,
      0
    ],
    [
      3,
      4,
      0,
      3,
      0,
      6,
      1282,
      45,
      4,
      12,
      0
    ],
    [
      4,
      5,
      1,
      5,
      0,
      2,
      26,
      301,
      0,
      6,
      1
    ],
    [
      0,
      0,
      0,
      1,
      0,
      0,
      5,
      0,
      24,
      2,
      0
    ],
    [
      8,
      14,
      3,
      9,
      2,
      14,
      15,
      9,
      1,
      225,
      1
    ],
    [
      2,
      5,
      0,
      1,
      0,
      0,
      1,
      0,
      0,
      0,
      123
    ]
  ],
  "labels": [
    "politics",
    "war_conflict",
    "sports",
    "culture_arts",
    "food_cuisine",
    "travel_tourism",
    "academic_science",
    "history",
    "business_economy",
    "general_news",
    "religion"
  ],
  "report": {
    "politics": {
      "precision": 0.746031746031746,
      "recall": 0.7704918032786885,
      "f1-score": 0.7580645161290323,
      "support": 122.0
    },
    "war_conflict": {
      "precision": 0.9317851959361393,
      "recall": 0.9399707174231332,
      "f1-score": 0.9358600583090378,
      "support": 683.0
    },
    "sports": {
      "precision": 0.9403973509933775,
      "recall": 0.9793103448275862,
      "f1-score": 0.9594594594594594,
      "support": 145.0
    },
    "culture_arts": {
      "precision": 0.8618421052631579,
      "recall": 0.8238993710691824,
      "f1-score": 0.842443729903537,
      "support": 159.0
    },
    "food_cuisine": {
      "precision": 0.9830508474576272,
      "recall": 0.943089430894309,
      "f1-score": 0.9626556016597511,
      "support": 123.0
    },
    "travel_tourism": {
      "precision": 0.8888888888888888,
      "recall": 0.9084249084249084,
      "f1-score": 0.8985507246376812,
      "support": 273.0
    },
    "academic_science": {
      "precision": 0.9552906110283159,
      "recall": 0.9433406916850625,
      "f1-score": 0.9492780451684562,
      "support": 1359.0
    },
    "history": {
      "precision": 0.7962962962962963,
      "recall": 0.8575498575498576,
      "f1-score": 0.8257887517146777,
      "support": 351.0
    },
    "business_economy": {
      "precision": 0.75,
      "recall": 0.75,
      "f1-score": 0.75,
      "support": 32.0
    },
    "general_news": {
      "precision": 0.7978723404255319,
      "recall": 0.7475083056478405,
      "f1-score": 0.7718696397941681,
      "support": 301.0
    },
    "religion": {
      "precision": 0.9389312977099237,
      "recall": 0.9318181818181818,
      "f1-score": 0.935361216730038,
      "support": 132.0
    },
    "macro avg": {
      "precision": 0.8718533345482732,
      "recall": 0.8723094193289772,
      "f1-score": 0.8717574312278036,
      "support": 3680.0
    },
    "weighted avg": {
      "precision": 0.9049554455240134,
      "recall": 0.9043478260869565,
      "f1-score": 0.9043963613373719,
      "support": 3680.0
    }
  },
  "accuracy": 0.9043,
  "f1_macro": 0.8718,
  "n_total": 3680
}