{
  "experiment": "lr_1e5",
  "seed": 42,
  "learning_rate": 1e-05,
  "confidence_threshold": 0.6,
  "epochs": 3,
  "train_size": 23922,
  "val_size": 2990,
  "test_size": 2991,
  "test_accuracy": 0.9014,
  "test_f1_macro": 0.888,
  "test_f1_weighted": 0.9012,
  "epoch_metrics": [
    {
      "epoch": 1.0,
      "val_loss": 0.4012358784675598,
      "val_accuracy": 0.874247491638796,
      "val_f1_macro": 0.8489983490472867,
      "val_f1_weighted": 0.8716212111762509
    },
    {
      "epoch": 2.0,
      "val_loss": 0.34956592321395874,
      "val_accuracy": 0.8959866220735786,
      "val_f1_macro": 0.8754413815168244,
      "val_f1_weighted": 0.8958370451195616
    },
    {
      "epoch": 3.0,
      "val_loss": 0.40268251299858093,
      "val_accuracy": 0.9096989966555183,
      "val_f1_macro": 0.8893662645793727,
      "val_f1_weighted": 0.909561920019086
    }
  ],
  "train_time_sec": 762.9
}