{
  "experiment": "seed_42",
  "seed": 42,
  "learning_rate": 2e-05,
  "confidence_threshold": 0.6,
  "epochs": 3,
  "train_size": 23922,
  "val_size": 2990,
  "test_size": 2991,
  "test_accuracy": 0.8927,
  "test_f1_macro": 0.8752,
  "test_f1_weighted": 0.8927,
  "epoch_metrics": [
    {
      "epoch": 1.0,
      "val_loss": 0.4873385727405548,
      "val_accuracy": 0.8531772575250837,
      "val_f1_macro": 0.8214722527453071,
      "val_f1_weighted": 0.8487211837640607
    },
    {
      "epoch": 2.0,
      "val_loss": 0.3646135628223419,
      "val_accuracy": 0.8896321070234113,
      "val_f1_macro": 0.866166743353632,
      "val_f1_weighted": 0.8892654735031968
    },
    {
      "epoch": 3.0,
      "val_loss": 0.42345359921455383,
      "val_accuracy": 0.903010033444816,
      "val_f1_macro": 0.8796352977521653,
      "val_f1_weighted": 0.9033477233682057
    }
  ],
  "train_time_sec": 764.8
}